8576,: {'vendor':,,"},"
8624,: {'vendor':,,"},"
8764,: {'vendor':,,"},"
9443,: {'vendor':,,"},"
9461,: {'vendor':,,"},"
9476,: {'vendor':,,"},"
9571,: {'vendor':,,"},"
9572,: {'vendor':,,"},"
9574,: {'vendor':,,"},"
9581,: {'vendor':,,"},"
9584,: {'vendor':,,"},"
9585,: {'vendor':,,"},"
9591,: {'vendor':,,"},"
9593,: {'vendor':,,"},"
9594,: {'vendor':,,"},"
12128,: {'vendor':,,"},"
12130,: {'vendor':,,"},"
12132,: {'vendor':,,"},"
12134,: {'vendor':,,"},"
12135,: {'vendor':,,"},"
12138,: {'vendor':,,"},"
12142,: {'vendor':,,"},"
12143,: {'vendor':,,"},"
12144,: {'vendor':,,"},"
12147,: {'vendor':,,"},"
12161,: {'vendor':,,"},"
12162,: {'vendor':,,"},"
12163,: {'vendor':,,"},"
12166,: {'vendor':,,"},"
12167,: {'vendor':,,"},"
12168,: {'vendor':,,"},"
12169,: {'vendor':,,"},"
12170,: {'vendor':,,"},"
12171,: {'vendor':,,"},"
12172,: {'vendor':,,"},"
12173,: {'vendor':,,"},"
12174,: {'vendor':,,"},"
12175,: {'vendor':,,"},"
12176,: {'vendor':,,"},"
12177,: {'vendor':,,"},"
12178,: {'vendor':,,"},"
12179,: {'vendor':,,"},"
12180,: {'vendor':,,"},"
12181,: {'vendor':,,"},"
12182,: {'vendor':,,"},"
12187,: {'vendor':,,"},"
12194,: {'vendor':,,"},"
12195,: {'vendor':,,"},"
12196,: {'vendor':,,"},"
12199,: {'vendor':,,"},"
12200,: {'vendor':,,"},"
12202,: {'vendor':,,"},"
12205,: {'vendor':,,"},"
12206,: {'vendor':,,"},"
12208,: {'vendor':,,"},"
12214,: {'vendor':,,"},"
12215,: {'vendor':,,"},"
12216,: {'vendor':,,"},"
12217,: {'vendor':,,"},"
12218,: {'vendor':,,"},"
12221,: {'vendor':,,"},"
12222,: {'vendor':,,"},"
12224,: {'vendor':,,"},"
12225,: {'vendor':,,"},"
12228,: {'vendor':,,"},"
12229,: {'vendor':,,"},"
12230,: {'vendor':,,"},"
12232,: {'vendor':,,"},"
12234,: {'vendor':,,"},"
12236,: {'vendor':,,"},"
12238,: {'vendor':,,"},"
12241,: {'vendor':,,"},"
12243,: {'vendor':,,"},"
12244,: {'vendor':,,"},"
12246,: {'vendor':,,"},"
12247,: {'vendor':,,"},"
12248,: {'vendor':,,"},"
12250,: {'vendor':,,"},"
12253,: {'vendor':,,"},"
12254,: {'vendor':,,"},"
12255,: {'vendor':,,"},"
12258,: {'vendor':,,"},"
12260,: {'vendor':,,"},"
12261,: {'vendor':,,"},"
12262,: {'vendor':,,"},"
12263,: {'vendor':,,"},"
12267,: {'vendor':,,"},"
12268,: {'vendor':,,"},"
12269,: {'vendor':,,"},"
12270,: {'vendor':,,"},"
12272,: {'vendor':,,"},"
12275,: {'vendor':,,"},"
12276,: {'vendor':,,"},"
12278,: {'vendor':,,"},"
12279,: {'vendor':,,"},"
12280,: {'vendor':,,"},"
12281,: {'vendor':,,"},"
12282,: {'vendor':,,"},"
12283,: {'vendor':,,"},"
12284,: {'vendor':,,"},"
12285,: {'vendor':,,"},"
12286,: {'vendor':,,"},"
12288,: {'vendor':,,"},"
12289,: {'vendor':,,"},"
12290,: {'vendor':,,"},"
12293,: {'vendor':,,"},"
12294,: {'vendor':,,"},"
12295,: {'vendor':,,"},"
12296,: {'vendor':,,"},"
12297,: {'vendor':,,"},"
12298,: {'vendor':,,"},"
12299,: {'vendor':,,"},"
12300,: {'vendor':,,"},"
12301,: {'vendor':,,"},"
12302,: {'vendor':,,"},"
12303,: {'vendor':,,"},"
12304,: {'vendor':,,"},"
12305,: {'vendor':,,"},"
12306,: {'vendor':,,"},"
12307,: {'vendor':,,"},"
12312,: {'vendor':,,"},"
12313,: {'vendor':,,"},"
12314,: {'vendor':,,"},"
12315,: {'vendor':,,"},"
12318,: {'vendor':,,"},"
12319,: {'vendor':,,"},"
12320,: {'vendor':,,"},"
12322,: {'vendor':,,"},"
12323,: {'vendor':,,"},"
12327,: {'vendor':,,"},"
12329,: {'vendor':,,"},"
12330,: {'vendor':,,"},"
12331,: {'vendor':,,"},"
12332,: {'vendor':,,"},"
12333,: {'vendor':,,"},"
12334,: {'vendor':,,"},"
12335,: {'vendor':,,"},"
12336,: {'vendor':,,"},"
12341,: {'vendor':,,"},"
12342,: {'vendor':,,"},"
12345,: {'vendor':,,"},"
12346,: {'vendor':,,"},"
12347,: {'vendor':,,"},"
12348,: {'vendor':,,"},"
12349,: {'vendor':,,"},"
12351,: {'vendor':,,"},"
12356,: {'vendor':,,"},"
12357,: {'vendor':,,"},"
12358,: {'vendor':,,"},"
12359,: {'vendor':,,"},"
12360,: {'vendor':,,"},"
12361,: {'vendor':,,"},"
12362,: {'vendor':,,"},"
12363,: {'vendor':,,"},"
12364,: {'vendor':,,"},"
12365,: {'vendor':,,"},"
12366,: {'vendor':,,"},"
12367,: {'vendor':,,"},"
12368,: {'vendor':,,"},"
12369,: {'vendor':,,"},"
12370,: {'vendor':,,"},"
12371,: {'vendor':,,"},"
12372,: {'vendor':,,"},"
12373,: {'vendor':,,"},"
12374,: {'vendor':,,"},"
12375,: {'vendor':,,"},"
12376,: {'vendor':,,"},"
12377,: {'vendor':,,"},"
12378,: {'vendor':,,"},"
12379,: {'vendor':,,"},"
12380,: {'vendor':,,"},"
12381,: {'vendor':,,"},"
12382,: {'vendor':,,"},"
12383,: {'vendor':,,"},"
12384,: {'vendor':,,"},"
12385,: {'vendor':,,"},"
12386,: {'vendor':,,"},"
12387,: {'vendor':,,"},"
12388,: {'vendor':,,"},"
12389,: {'vendor':,,"},"
12390,: {'vendor':,,"},"
12391,: {'vendor':,,"},"
12392,: {'vendor':,,"},"
12393,: {'vendor':,,"},"
12394,: {'vendor':,,"},"
12395,: {'vendor':,,"},"
12396,: {'vendor':,,"},"
12397,: {'vendor':,,"},"
12398,: {'vendor':,,"},"
12399,: {'vendor':,,"},"
12400,: {'vendor':,,"},"
12401,: {'vendor':,,"},"
12402,: {'vendor':,,"},"
12403,: {'vendor':,,"},"
12404,: {'vendor':,,"},"
12405,: {'vendor':,,"},"
12406,: {'vendor':,,"},"
12407,: {'vendor':,,"},"
12408,: {'vendor':,,"},"
12409,: {'vendor':,,"},"
12410,: {'vendor':,,"},"
12411,: {'vendor':,,"},"
12412,: {'vendor':,,"},"
12413,: {'vendor':,,"},"
12414,: {'vendor':,,"},"
12415,: {'vendor':,,"},"
12416,: {'vendor':,,"},"
12417,: {'vendor':,,"},"
12418,: {'vendor':,,"},"
12419,: {'vendor':,,"},"
12420,: {'vendor':,,"},"
12421,: {'vendor':,,"},"
12422,: {'vendor':,,"},"
12423,: {'vendor':,,"},"
12424,: {'vendor':,,"},"
12425,: {'vendor':,,"},"
12426,: {'vendor':,,"},"
12427,: {'vendor':,,"},"
12428,: {'vendor':,,"},"
12429,: {'vendor':,,"},"
12430,: {'vendor':,,"},"
12431,: {'vendor':,,"},"
12432,: {'vendor':,,"},"
12433,: {'vendor':,,"},"
12434,: {'vendor':,,"},"
12435,: {'vendor':,,"},"
12436,: {'vendor':,,"},"
12437,: {'vendor':,,"},"
12438,: {'vendor':,,"},"
12439,: {'vendor':,,"},"
12440,: {'vendor':,,"},"
12441,: {'vendor':,,"},"
12442,: {'vendor':,,"},"
12443,: {'vendor':,,"},"
12444,: {'vendor':,,"},"
12445,: {'vendor':,,"},"
12446,: {'vendor':,,"},"
12447,: {'vendor':,,"},"
12448,: {'vendor':,,"},"
12449,: {'vendor':,,"},"
12450,: {'vendor':,,"},"
12451,: {'vendor':,,"},"
12452,: {'vendor':,,"},"
12453,: {'vendor':,,"},"
12454,: {'vendor':,,"},"
12455,: {'vendor':,,"},"
12456,: {'vendor':,,"},"
12457,: {'vendor':,,"},"
12458,: {'vendor':,,"},"
12459,: {'vendor':,,"},"
12460,: {'vendor':,,"},"
12461,: {'vendor':,,"},"
12462,: {'vendor':,,"},"
12463,: {'vendor':,,"},"
12464,: {'vendor':,,"},"
12465,: {'vendor':,,"},"
12466,: {'vendor':,,"},"
12467,: {'vendor':,,"},"
12468,: {'vendor':,,"},"
12469,: {'vendor':,,"},"
12470,: {'vendor':,,"},"
12471,: {'vendor':,,"},"
12472,: {'vendor':,,"},"
12473,: {'vendor':,,"},"
12474,: {'vendor':,,"},"
12475,: {'vendor':,,"},"
12476,: {'vendor':,,"},"
12477,: {'vendor':,,"},"
12478,: {'vendor':,,"},"
12479,: {'vendor':,,"},"
12480,: {'vendor':,,"},"
12481,: {'vendor':,,"},"
12482,: {'vendor':,,"},"
12483,: {'vendor':,,"},"
12484,: {'vendor':,,"},"
12485,: {'vendor':,,"},"
12486,: {'vendor':,,"},"
12487,: {'vendor':,,"},"
12488,: {'vendor':,,"},"
12489,: {'vendor':,,"},"
12490,: {'vendor':,,"},"
12491,: {'vendor':,,"},"
12492,: {'vendor':,,"},"
12493,: {'vendor':,,"},"
12494,: {'vendor':,,"},"
12495,: {'vendor':,,"},"
12496,: {'vendor':,,"},"
12497,: {'vendor':,,"},"
12498,: {'vendor':,,"},"
12499,: {'vendor':,,"},"
12500,: {'vendor':,,"},"
12501,: {'vendor':,,"},"
12504,: {'vendor':,,"},"
12505,: {'vendor':,,"},"
12506,: {'vendor':,,"},"
12507,: {'vendor':,,"},"
12508,: {'vendor':,,"},"
12509,: {'vendor':,,"},"
12510,: {'vendor':,,"},"
12511,: {'vendor':,,"},"
12512,: {'vendor':,,"},"
12513,: {'vendor':,,"},"
12519,: {'vendor':,,"},"
12520,: {'vendor':,,"},"
12521,: {'vendor':,,"},"
12522,: {'vendor':,,"},"
12523,: {'vendor':,,"},"
12524,: {'vendor':,,"},"
12525,: {'vendor':,,"},"
12526,: {'vendor':,,"},"
12527,: {'vendor':,,"},"
12528,: {'vendor':,,"},"
12529,: {'vendor':,,"},"
12530,: {'vendor':,,"},"
12531,: {'vendor':,,"},"
12532,: {'vendor':,,"},"
12533,: {'vendor':,,"},"
12534,: {'vendor':,,"},"
12535,: {'vendor':,,"},"
12536,: {'vendor':,,"},"
12537,: {'vendor':,,"},"
12538,: {'vendor':,,"},"
12539,: {'vendor':,,"},"
12540,: {'vendor':,,"},"
12541,: {'vendor':,,"},"
12542,: {'vendor':,,"},"
12544,: {'vendor':,,"},"
12545,: {'vendor':,,"},"
12546,: {'vendor':,,"},"
12547,: {'vendor':,,"},"
12806,: {'vendor':,,"},"
12807,: {'vendor':,,"},"
12808,: {'vendor':,,"},"
12809,: {'vendor':,,"},"
12810,: {'vendor':,,"},"
12811,: {'vendor':,,"},"
12812,: {'vendor':,,"},"
12813,: {'vendor':,,"},"
12814,: {'vendor':,,"},"
12815,: {'vendor':,,"},"
12816,: {'vendor':,,"},"
12817,: {'vendor':,,"},"
12818,: {'vendor':,,"},"
12819,: {'vendor':,,"},"
12820,: {'vendor':,,"},"
12821,: {'vendor':,,"},"
12822,: {'vendor':,,"},"
12823,: {'vendor':,,"},"
12824,: {'vendor':,,"},"
12825,: {'vendor':,,"},"
12826,: {'vendor':,,"},"
12827,: {'vendor':,,"},"
12828,: {'vendor':,,"},"
12829,: {'vendor':,,"},"
12830,: {'vendor':,,"},"
12831,: {'vendor':,,"},"
12832,: {'vendor':,,"},"
12833,: {'vendor':,,"},"
12834,: {'vendor':,,"},"
12835,: {'vendor':,,"},"
12836,: {'vendor':,,"},"
12837,: {'vendor':,,"},"
12838,: {'vendor':,,"},"
12839,: {'vendor':,,"},"
12840,: {'vendor':,,"},"
12841,: {'vendor':,,"},"
12842,: {'vendor':,,"},"
12843,: {'vendor':,,"},"
12844,: {'vendor':,,"},"
12845,: {'vendor':,,"},"
12846,: {'vendor':,,"},"
12847,: {'vendor':,,"},"
12848,: {'vendor':,,"},"
12849,: {'vendor':,,"},"
12850,: {'vendor':,,"},"
12851,: {'vendor':,,"},"
12852,: {'vendor':,,"},"
12853,: {'vendor':,,"},"
12854,: {'vendor':,,"},"
12855,: {'vendor':,,"},"
12856,: {'vendor':,,"},"
12857,: {'vendor':,,"},"
12858,: {'vendor':,,"},"
12859,: {'vendor':,,"},"
12860,: {'vendor':,,"},"
12861,: {'vendor':,,"},"
12862,: {'vendor':,,"},"
12863,: {'vendor':,,"},"
12864,: {'vendor':,,"},"
12865,: {'vendor':,,"},"
12866,: {'vendor':,,"},"
12867,: {'vendor':,,"},"
12868,: {'vendor':,,"},"
12869,: {'vendor':,,"},"
12870,: {'vendor':,,"},"
12871,: {'vendor':,,"},"
12872,: {'vendor':,,"},"
12873,: {'vendor':,,"},"
12874,: {'vendor':,,"},"
12875,: {'vendor':,,"},"
12876,: {'vendor':,,"},"
12877,: {'vendor':,,"},"
12878,: {'vendor':,,"},"
12879,: {'vendor':,,"},"
12880,: {'vendor':,,"},"
12881,: {'vendor':,,"},"
12882,: {'vendor':,,"},"
12883,: {'vendor':,,"},"
12884,: {'vendor':,,"},"
12885,: {'vendor':,,"},"
12886,: {'vendor':,,"},"
12887,: {'vendor':,,"},"
12888,: {'vendor':,,"},"
12889,: {'vendor':,,"},"
12890,: {'vendor':,,"},"
12891,: {'vendor':,,"},"
12892,: {'vendor':,,"},"
12893,: {'vendor':,,"},"
12894,: {'vendor':,,"},"
12895,: {'vendor':,,"},"
12896,: {'vendor':,,"},"
12897,: {'vendor':,,"},"
12898,: {'vendor':,,"},"
12899,: {'vendor':,,"},"
12900,: {'vendor':,,"},"
12901,: {'vendor':,,"},"
12902,: {'vendor':,,"},"
12903,: {'vendor':,,"},"
12904,: {'vendor':,,"},"
12905,: {'vendor':,,"},"
12906,: {'vendor':,,"},"
12907,: {'vendor':,,"},"
12908,: {'vendor':,,"},"
12909,: {'vendor':,,"},"
12910,: {'vendor':,,"},"
12911,: {'vendor':,,"},"
12912,: {'vendor':,,"},"
12913,: {'vendor':,,"},"
12914,: {'vendor':,,"},"
12915,: {'vendor':,,"},"
12916,: {'vendor':,,"},"
12917,: {'vendor':,,"},"
12918,: {'vendor':,,"},"
12919,: {'vendor':,,"},"
12920,: {'vendor':,,"},"
12921,: {'vendor':,,"},"
12922,: {'vendor':,,"},"
12923,: {'vendor':,,"},"
12924,: {'vendor':,,"},"
12925,: {'vendor':,,"},"
12926,: {'vendor':,,"},"
12927,: {'vendor':,,"},"
12928,: {'vendor':,,"},"
12929,: {'vendor':,,"},"
12930,: {'vendor':,,"},"
12931,: {'vendor':,,"},"
12932,: {'vendor':,,"},"
12933,: {'vendor':,,"},"
12934,: {'vendor':,,"},"
12935,: {'vendor':,,"},"
12936,: {'vendor':,,"},"
12937,: {'vendor':,,"},"
12938,: {'vendor':,,"},"
12939,: {'vendor':,,"},"
12940,: {'vendor':,,"},"
12941,: {'vendor':,,"},"
12942,: {'vendor':,,"},"
12943,: {'vendor':,,"},"
12944,: {'vendor':,,"},"
12945,: {'vendor':,,"},"
12946,: {'vendor':,,"},"
12947,: {'vendor':,,"},"
12948,: {'vendor':,,"},"
12949,: {'vendor':,,"},"
12950,: {'vendor':,,"},"
12951,: {'vendor':,,"},"
12952,: {'vendor':,,"},"
12953,: {'vendor':,,"},"
12954,: {'vendor':,,"},"
12955,: {'vendor':,,"},"
12956,: {'vendor':,,"},"
12957,: {'vendor':,,"},"
12958,: {'vendor':,,"},"
12959,: {'vendor':,,"},"
12960,: {'vendor':,,"},"
12961,: {'vendor':,,"},"
12962,: {'vendor':,,"},"
12963,: {'vendor':,,"},"
12964,: {'vendor':,,"},"
12965,: {'vendor':,,"},"
12966,: {'vendor':,,"},"
12967,: {'vendor':,,"},"
12968,: {'vendor':,,"},"
12969,: {'vendor':,,"},"
12970,: {'vendor':,,"},"
12971,: {'vendor':,,"},"
12972,: {'vendor':,,"},"
12973,: {'vendor':,,"},"
12974,: {'vendor':,,"},"
12975,: {'vendor':,,"},"
12976,: {'vendor':,,"},"
12977,: {'vendor':,,"},"
12978,: {'vendor':,,"},"
12979,: {'vendor':,,"},"
12980,: {'vendor':,,"},"
12981,: {'vendor':,,"},"
12982,: {'vendor':,,"},"
12983,: {'vendor':,,"},"
12984,: {'vendor':,,"},"
12985,: {'vendor':,,"},"
12986,: {'vendor':,,"},"
12987,: {'vendor':,,"},"
12988,: {'vendor':,,"},"
12989,: {'vendor':,,"},"
12990,: {'vendor':,,"},"
12991,: {'vendor':,,"},"
12992,: {'vendor':,,"},"
12993,: {'vendor':,,"},"
12994,: {'vendor':,,"},"
12995,: {'vendor':,,"},"
12996,: {'vendor':,,"},"
12997,: {'vendor':,,"},"
12998,: {'vendor':,,"},"
12999,: {'vendor':,,"},"
13000,: {'vendor':,,"},"
13001,: {'vendor':,,"},"
13002,: {'vendor':,,"},"
13003,: {'vendor':,,"},"
13004,: {'vendor':,,"},"
13010,: {'vendor':,,"},"
13011,: {'vendor':,,"},"
13012,: {'vendor':,,"},"
13013,: {'vendor':,,"},"
13014,: {'vendor':,,"},"
13015,: {'vendor':,,"},"
13016,: {'vendor':,,"},"
13017,: {'vendor':,,"},"
13018,: {'vendor':,,"},"
13019,: {'vendor':,,"},"
13020,: {'vendor':,,"},"
13021,: {'vendor':,,"},"
13022,: {'vendor':,,"},"
13023,: {'vendor':,,"},"
13024,: {'vendor':,,"},"
13025,: {'vendor':,,"},"
13026,: {'vendor':,,"},"
13027,: {'vendor':,,"},"
13028,: {'vendor':,,"},"
13029,: {'vendor':,,"},"
13030,: {'vendor':,,"},"
13031,: {'vendor':,,"},"
13032,: {'vendor':,,"},"
13033,: {'vendor':,,"},"
13034,: {'vendor':,,"},"
13035,: {'vendor':,,"},"
13036,: {'vendor':,,"},"
13037,: {'vendor':,,"},"
13038,: {'vendor':,,"},"
13039,: {'vendor':,,"},"
13040,: {'vendor':,,"},"
13041,: {'vendor':,,"},"
13042,: {'vendor':,,"},"
13043,: {'vendor':,,"},"
13044,: {'vendor':,,"},"
13045,: {'vendor':,,"},"
13046,: {'vendor':,,"},"
13047,: {'vendor':,,"},"
13048,: {'vendor':,,"},"
13049,: {'vendor':,,"},"
13050,: {'vendor':,,"},"
13051,: {'vendor':,,"},"
13052,: {'vendor':,,"},"
13053,: {'vendor':,,"},"
13054,: {'vendor':,,"},"
13055,: {'vendor':,,"},"
13056,: {'vendor':,,"},"
13057,: {'vendor':,,"},"
13058,: {'vendor':,,"},"
13059,: {'vendor':,,"},"
13060,: {'vendor':,,"},"
13061,: {'vendor':,,"},"
13062,: {'vendor':,,"},"
13063,: {'vendor':,,"},"
13064,: {'vendor':,,"},"
13065,: {'vendor':,,"},"
13066,: {'vendor':,,"},"
13067,: {'vendor':,,"},"
13068,: {'vendor':,,"},"
13069,: {'vendor':,,"},"
13070,: {'vendor':,,"},"
13071,: {'vendor':,,"},"
13072,: {'vendor':,,"},"
13073,: {'vendor':,,"},"
13074,: {'vendor':,,"},"
13075,: {'vendor':,,"},"
13076,: {'vendor':,,"},"
13077,: {'vendor':,,"},"
13078,: {'vendor':,,"},"
13079,: {'vendor':,,"},"
13080,: {'vendor':,,"},"
13081,: {'vendor':,,"},"
13082,: {'vendor':,,"},"
13083,: {'vendor':,,"},"
13084,: {'vendor':,,"},"
13085,: {'vendor':,,"},"
13086,: {'vendor':,,"},"
13087,: {'vendor':,,"},"
13088,: {'vendor':,,"},"
13089,: {'vendor':,,"},"
13090,: {'vendor':,,"},"
13091,: {'vendor':,,"},"
13092,: {'vendor':,,"},"
13093,: {'vendor':,,"},"
13094,: {'vendor':,,"},"
13095,: {'vendor':,,"},"
13096,: {'vendor':,,"},"
13097,: {'vendor':,,"},"
13098,: {'vendor':,,"},"
13099,: {'vendor':,,"},"
13100,: {'vendor':,,"},"
13101,: {'vendor':,,"},"
13102,: {'vendor':,,"},"
13103,: {'vendor':,,"},"
13104,: {'vendor':,,"},"
13105,: {'vendor':,,"},"
13106,: {'vendor':,,"},"
13107,: {'vendor':,,"},"
13108,: {'vendor':,,"},"
13109,: {'vendor':,,"},"
13110,: {'vendor':,,"},"
13111,: {'vendor':,,"},"
13112,: {'vendor':,,"},"
13113,: {'vendor':,,"},"
13114,: {'vendor':,,"},"
13115,: {'vendor':,,"},"
13116,: {'vendor':,,"},"
13117,: {'vendor':,,"},"
13118,: {'vendor':,,"},"
13119,: {'vendor':,,"},"
13120,: {'vendor':,,"},"
13121,: {'vendor':,,"},"
13122,: {'vendor':,,"},"
13123,: {'vendor':,,"},"
13124,: {'vendor':,,"},"
13125,: {'vendor':,,"},"
13126,: {'vendor':,,"},"
13127,: {'vendor':,,"},"
13128,: {'vendor':,,"},"
13129,: {'vendor':,,"},"
13130,: {'vendor':,,"},"
13131,: {'vendor':,,"},"
13132,: {'vendor':,,"},"
13133,: {'vendor':,,"},"
13134,: {'vendor':,,"},"
13135,: {'vendor':,,"},"
13136,: {'vendor':,,"},"
13137,: {'vendor':,,"},"
13138,: {'vendor':,,"},"
13139,: {'vendor':,,"},"
13140,: {'vendor':,,"},"
13141,: {'vendor':,,"},"
13142,: {'vendor':,,"},"
13143,: {'vendor':,,"},"
13144,: {'vendor':,,"},"
13145,: {'vendor':,,"},"
13146,: {'vendor':,,"},"
13147,: {'vendor':,,"},"
13148,: {'vendor':,,"},"
13149,: {'vendor':,,"},"
13150,: {'vendor':,,"},"
13151,: {'vendor':,,"},"
13152,: {'vendor':,,"},"
13153,: {'vendor':,,"},"
13154,: {'vendor':,,"},"
13155,: {'vendor':,,"},"
13156,: {'vendor':,,"},"
13157,: {'vendor':,,"},"
13158,: {'vendor':,,"},"
13159,: {'vendor':,,"},"
13160,: {'vendor':,,"},"
13161,: {'vendor':,,"},"
13162,: {'vendor':,,"},"
13163,: {'vendor':,,"},"
13164,: {'vendor':,,"},"
13165,: {'vendor':,,"},"
13166,: {'vendor':,,"},"
13167,: {'vendor':,,"},"
13168,: {'vendor':,,"},"
13169,: {'vendor':,,"},"
13170,: {'vendor':,,"},"
13171,: {'vendor':,,"},"
13172,: {'vendor':,,"},"
13173,: {'vendor':,,"},"
13174,: {'vendor':,,"},"
13175,: {'vendor':,,"},"
13176,: {'vendor':,,"},"
13177,: {'vendor':,,"},"
13178,: {'vendor':,,"},"
13179,: {'vendor':,,"},"
13180,: {'vendor':,,"},"
13181,: {'vendor':,,"},"
13182,: {'vendor':,,"},"
13183,: {'vendor':,,"},"
13184,: {'vendor':,,"},"
13185,: {'vendor':,,"},"
13186,: {'vendor':,,"},"
13187,: {'vendor':,,"},"
13188,: {'vendor':,,"},"
13189,: {'vendor':,,"},"
13190,: {'vendor':,,"},"
13191,: {'vendor':,,"},"
13192,: {'vendor':,,"},"
13193,: {'vendor':,,"},"
13194,: {'vendor':,,"},"
13195,: {'vendor':,,"},"
13196,: {'vendor':,,"},"
13197,: {'vendor':,,"},"
13198,: {'vendor':,,"},"
13199,: {'vendor':,,"},"
13200,: {'vendor':,,"},"
13201,: {'vendor':,,"},"
13202,: {'vendor':,,"},"
13203,: {'vendor':,,"},"
13204,: {'vendor':,,"},"
13205,: {'vendor':,,"},"
13206,: {'vendor':,,"},"
13207,: {'vendor':,,"},"
13208,: {'vendor':,,"},"
13209,: {'vendor':,,"},"
13210,: {'vendor':,,"},"
13211,: {'vendor':,,"},"
13212,: {'vendor':,,"},"
13213,: {'vendor':,,"},"
13214,: {'vendor':,,"},"
13215,: {'vendor':,,"},"
13216,: {'vendor':,,"},"
13217,: {'vendor':,,"},"
13218,: {'vendor':,,"},"
13219,: {'vendor':,,"},"
13220,: {'vendor':,,"},"
13221,: {'vendor':,,"},"
13222,: {'vendor':,,"},"
13223,: {'vendor':,,"},"
13224,: {'vendor':,,"},"
13225,: {'vendor':,,"},"
13226,: {'vendor':,,"},"
13227,: {'vendor':,,"},"
13228,: {'vendor':,,"},"
13229,: {'vendor':,,"},"
13230,: {'vendor':,,"},"
13231,: {'vendor':,,"},"
13232,: {'vendor':,,"},"
13233,: {'vendor':,,"},"
13234,: {'vendor':,,"},"
13235,: {'vendor':,,"},"
13236,: {'vendor':,,"},"
13237,: {'vendor':,,"},"
13238,: {'vendor':,,"},"
13239,: {'vendor':,,"},"
13240,: {'vendor':,,"},"
13241,: {'vendor':,,"},"
13242,: {'vendor':,,"},"
13243,: {'vendor':,,"},"
13244,: {'vendor':,,"},"
13245,: {'vendor':,,"},"
13246,: {'vendor':,,"},"
13247,: {'vendor':,,"},"
13248,: {'vendor':,,"},"
13249,: {'vendor':,,"},"
13250,: {'vendor':,,"},"
13251,: {'vendor':,,"},"
13252,: {'vendor':,,"},"
13253,: {'vendor':,,"},"
13254,: {'vendor':,,"},"
13255,: {'vendor':,,"},"
13256,: {'vendor':,,"},"
13257,: {'vendor':,,"},"
13258,: {'vendor':,,"},"
13259,: {'vendor':,,"},"
13260,: {'vendor':,,"},"
13261,: {'vendor':,,"},"
13262,: {'vendor':,,"},"
13263,: {'vendor':,,"},"
13264,: {'vendor':,,"},"
13265,: {'vendor':,,"},"
13266,: {'vendor':,,"},"
19630,: {'vendor':,,"},"
19663,: {'vendor':,,"},"
19664,: {'vendor':,,"},"
19665,: {'vendor':,,"},"
19666,: {'vendor':,,"},"
19667,: {'vendor':,,"},"
19668,: {'vendor':,,"},"
19669,: {'vendor':,,"},"
19670,: {'vendor':,,"},"
19671,: {'vendor':,,"},"
19673,: {'vendor':,,"},"
19676,: {'vendor':,,"},"
19677,: {'vendor':,,"},"
19679,: {'vendor':,,"},"
19680,: {'vendor':,,"},"
19681,: {'vendor':,,"},"
19682,: {'vendor':,,"},"
19683,: {'vendor':,,"},"
19684,: {'vendor':,,"},"
19685,: {'vendor':,,"},"
19686,: {'vendor':,,"},"
19687,: {'vendor':,,"},"
19688,: {'vendor':,,"},"
19697,: {'vendor':,,"},"
19698,: {'vendor':,,"},"
19699,: {'vendor':,,"},"
19700,: {'vendor':,,"},"
19701,: {'vendor':,,"},"
19702,: {'vendor':,,"},"
19703,: {'vendor':,,"},"
19709,: {'vendor':,,"},"
19710,: {'vendor':,,"},"
19711,: {'vendor':,,"},"
19712,: {'vendor':,,"},"
19713,: {'vendor':,,"},"
19714,: {'vendor':,,"},"
19718,: {'vendor':,,"},"
19719,: {'vendor':,,"},"
19720,: {'vendor':,,"},"
19721,: {'vendor':,,"},"
19722,: {'vendor':,,"},"
19723,: {'vendor':,,"},"
19724,: {'vendor':,,"},"
19725,: {'vendor':,,"},"
19726,: {'vendor':,,"},"
19727,: {'vendor':,,"},"
19728,: {'vendor':,,"},"
19729,: {'vendor':,,"},"
19730,: {'vendor':,,"},"
19731,: {'vendor':,,"},"
19732,: {'vendor':,,"},"
19733,: {'vendor':,,"},"
19734,: {'vendor':,,"},"
19735,: {'vendor':,,"},"
19736,: {'vendor':,,"},"
19737,: {'vendor':,,"},"
19738,: {'vendor':,,"},"
19739,: {'vendor':,,"},"
19740,: {'vendor':,,"},"
19741,: {'vendor':,,"},"
19742,: {'vendor':,,"},"
19743,: {'vendor':,,"},"
19744,: {'vendor':,,"},"
19745,: {'vendor':,,"},"
19746,: {'vendor':,,"},"
19747,: {'vendor':,,"},"
19748,: {'vendor':,,"},"
19757,: {'vendor':,,"},"
19758,: {'vendor':,,"},"
19759,: {'vendor':,,"},"
19760,: {'vendor':,,"},"
19761,: {'vendor':,,"},"
19762,: {'vendor':,,"},"
19763,: {'vendor':,,"},"
19764,: {'vendor':,,"},"
19765,: {'vendor':,,"},"
19766,: {'vendor':,,"},"
19767,: {'vendor':,,"},"
19768,: {'vendor':,,"},"
19769,: {'vendor':,,"},"
19770,: {'vendor':,,"},"
19771,: {'vendor':,,"},"
19772,: {'vendor':,,"},"
19773,: {'vendor':,,"},"
19774,: {'vendor':,,"},"
19775,: {'vendor':,,"},"
19776,: {'vendor':,,"},"
19777,: {'vendor':,,"},"
19778,: {'vendor':,,"},"
19779,: {'vendor':,,"},"
19780,: {'vendor':,,"},"
19781,: {'vendor':,,"},"
19782,: {'vendor':,,"},"
19783,: {'vendor':,,"},"
19784,: {'vendor':,,"},"
19785,: {'vendor':,,"},"
19786,: {'vendor':,,"},"
19787,: {'vendor':,,"},"
19788,: {'vendor':,,"},"
19795,: {'vendor':,,"},"
19796,: {'vendor':,,"},"
19797,: {'vendor':,,"},"
19798,: {'vendor':,,"},"
19799,: {'vendor':,,"},"
19800,: {'vendor':,,"},"
19801,: {'vendor':,,"},"
19802,: {'vendor':,,"},"
19803,: {'vendor':,,"},"
19804,: {'vendor':,,"},"
19805,: {'vendor':,,"},"
19806,: {'vendor':,,"},"
19807,: {'vendor':,,"},"
19808,: {'vendor':,,"},"
19809,: {'vendor':,,"},"
19810,: {'vendor':,,"},"
19811,: {'vendor':,,"},"
19812,: {'vendor':,,"},"
19813,: {'vendor':,,"},"
19814,: {'vendor':,,"},"
19815,: {'vendor':,,"},"
19816,: {'vendor':,,"},"
19817,: {'vendor':,,"},"
19818,: {'vendor':,,"},"
19819,: {'vendor':,,"},"
19820,: {'vendor':,,"},"
19821,: {'vendor':,,"},"
19822,: {'vendor':,,"},"
19823,: {'vendor':,,"},"
19824,: {'vendor':,,"},"
19825,: {'vendor':,,"},"
19826,: {'vendor':,,"},"
19827,: {'vendor':,,"},"
19828,: {'vendor':,,"},"
19829,: {'vendor':,,"},"
19830,: {'vendor':,,"},"
19831,: {'vendor':,,"},"
19832,: {'vendor':,,"},"
19833,: {'vendor':,,"},"
19834,: {'vendor':,,"},"
19835,: {'vendor':,,"},"
19836,: {'vendor':,,"},"
19837,: {'vendor':,,"},"
19838,: {'vendor':,,"},"
19839,: {'vendor':,,"},"
19840,: {'vendor':,,"},"
19841,: {'vendor':,,"},"
19842,: {'vendor':,,"},"
19843,: {'vendor':,,"},"
19844,: {'vendor':,,"},"
19845,: {'vendor':,,"},"
19846,: {'vendor':,,"},"
19847,: {'vendor':,,"},"
19848,: {'vendor':,,"},"
19849,: {'vendor':,,"},"
19850,: {'vendor':,,"},"
19851,: {'vendor':,,"},"
19852,: {'vendor':,,"},"
19853,: {'vendor':,,"},"
19854,: {'vendor':,,"},"
19855,: {'vendor':,,"},"
19856,: {'vendor':,,"},"
19857,: {'vendor':,,"},"
19858,: {'vendor':,,"},"
19859,: {'vendor':,,"},"
19860,: {'vendor':,,"},"
19861,: {'vendor':,,"},"
19862,: {'vendor':,,"},"
19863,: {'vendor':,,"},"
19864,: {'vendor':,,"},"
19865,: {'vendor':,,"},"
19866,: {'vendor':,,"},"
19867,: {'vendor':,,"},"
19868,: {'vendor':,,"},"
19869,: {'vendor':,,"},"
19870,: {'vendor':,,"},"
19871,: {'vendor':,,"},"
19872,: {'vendor':,,"},"
19873,: {'vendor':,,"},"
19874,: {'vendor':,,"},"
19875,: {'vendor':,,"},"
19876,: {'vendor':,,"},"
19877,: {'vendor':,,"},"
19878,: {'vendor':,,"},"
19879,: {'vendor':,,"},"
19880,: {'vendor':,,"},"
19881,: {'vendor':,,"},"
19882,: {'vendor':,,"},"
19883,: {'vendor':,,"},"
19884,: {'vendor':,,"},"
19885,: {'vendor':,,"},"
19886,: {'vendor':,,"},"
19887,: {'vendor':,,"},"
19888,: {'vendor':,,"},"
19889,: {'vendor':,,"},"
19890,: {'vendor':,,"},"
19891,: {'vendor':,,"},"
19892,: {'vendor':,,"},"
19893,: {'vendor':,,"},"
19894,: {'vendor':,,"},"
19895,: {'vendor':,,"},"
19896,: {'vendor':,,"},"
19897,: {'vendor':,,"},"
19898,: {'vendor':,,"},"
19899,: {'vendor':,,"},"
19900,: {'vendor':,,"},"
19901,: {'vendor':,,"},"
19902,: {'vendor':,,"},"
19903,: {'vendor':,,"},"
19904,: {'vendor':,,"},"
19905,: {'vendor':,,"},"
19906,: {'vendor':,,"},"
19907,: {'vendor':,,"},"
19908,: {'vendor':,,"},"
19909,: {'vendor':,,"},"
19910,: {'vendor':,,"},"
19911,: {'vendor':,,"},"
19912,: {'vendor':,,"},"
19913,: {'vendor':,,"},"
19914,: {'vendor':,,"},"
19915,: {'vendor':,,"},"
19916,: {'vendor':,,"},"
19917,: {'vendor':,,"},"
19918,: {'vendor':,,"},"
19919,: {'vendor':,,"},"
19920,: {'vendor':,,"},"
19921,: {'vendor':,,"},"
19922,: {'vendor':,,"},"
19923,: {'vendor':,,"},"
19925,: {'vendor':,,"},"
19926,: {'vendor':,,"},"
19927,: {'vendor':,,"},"
19928,: {'vendor':,,"},"
19929,: {'vendor':,,"},"
19930,: {'vendor':,,"},"
19931,: {'vendor':,,"},"
19932,: {'vendor':,,"},"
19933,: {'vendor':,,"},"
19934,: {'vendor':,,"},"
19935,: {'vendor':,,"},"
19936,: {'vendor':,,"},"
19937,: {'vendor':,,"},"
19938,: {'vendor':,,"},"
19939,: {'vendor':,,"},"
19940,: {'vendor':,,"},"
19941,: {'vendor':,,"},"
19942,: {'vendor':,,"},"
19943,: {'vendor':,,"},"
19944,: {'vendor':,,"},"
19945,: {'vendor':,,"},"
19946,: {'vendor':,,"},"
19947,: {'vendor':,,"},"
19948,: {'vendor':,,"},"
19949,: {'vendor':,,"},"
19950,: {'vendor':,,"},"
19951,: {'vendor':,,"},"
19952,: {'vendor':,,"},"
19953,: {'vendor':,,"},"
19954,: {'vendor':,,"},"
19955,: {'vendor':,,"},"
19956,: {'vendor':,,"},"
19957,: {'vendor':,,"},"
19958,: {'vendor':,,"},"
19959,: {'vendor':,,"},"
19960,: {'vendor':,,"},"
19961,: {'vendor':,,"},"
19962,: {'vendor':,,"},"
19963,: {'vendor':,,"},"
19964,: {'vendor':,,"},"
19965,: {'vendor':,,"},"
19966,: {'vendor':,,"},"
19967,: {'vendor':,,"},"
19968,: {'vendor':,,"},"
19969,: {'vendor':,,"},"
19970,: {'vendor':,,"},"
19971,: {'vendor':,,"},"
19972,: {'vendor':,,"},"
19973,: {'vendor':,,"},"
19974,: {'vendor':,,"},"
19975,: {'vendor':,,"},"
20000,: {'vendor':,,"},"
20323,: {'vendor':,,"},"
20799,: {'vendor':,,"},"
21156,: {'vendor':,,"},"
21157,: {'vendor':,,"},"
21158,: {'vendor':,,"},"
21159,: {'vendor':,,"},"
21160,: {'vendor':,,"},"
21161,: {'vendor':,,"},"
23001,: {'vendor':,,"},"
24242,: {'vendor':,,"},"
24244,: {'vendor':,,"},"
24272,: {'vendor':,,"},"
24273,: {'vendor':,,"},"
24274,: {'vendor':,,"},"
24275,: {'vendor':,,"},"
24276,: {'vendor':,,"},"
24277,: {'vendor':,,"},"
24278,: {'vendor':,,"},"
24279,: {'vendor':,,"},"
24280,: {'vendor':,,"},"
24281,: {'vendor':,,"},"
24282,: {'vendor':,,"},"
24283,: {'vendor':,,"},"
24284,: {'vendor':,,"},"
24285,: {'vendor':,,"},"
24286,: {'vendor':,,"},"
24287,: {'vendor':,,"},"
24288,: {'vendor':,,"},"
24289,: {'vendor':,,"},"
24290,: {'vendor':,,"},"
24291,: {'vendor':,,"},"
24292,: {'vendor':,,"},"
24293,: {'vendor':,,"},"
24294,: {'vendor':,,"},"
24295,: {'vendor':,,"},"
24296,: {'vendor':,,"},"
24297,: {'vendor':,,"},"
24298,: {'vendor':,,"},"
24299,: {'vendor':,,"},"
24300,: {'vendor':,,"},"
24301,: {'vendor':,,"},"
24302,: {'vendor':,,"},"
24303,: {'vendor':,,"},"
24304,: {'vendor':,,"},"
24305,: {'vendor':,,"},"
24306,: {'vendor':,,"},"
24307,: {'vendor':,,"},"
24308,: {'vendor':,,"},"
24309,: {'vendor':,,"},"
24310,: {'vendor':,,"},"
24311,: {'vendor':,,"},"
24312,: {'vendor':,,"},"
24313,: {'vendor':,,"},"
24314,: {'vendor':,,"},"
24315,: {'vendor':,,"},"
24316,: {'vendor':,,"},"
24317,: {'vendor':,,"},"
24318,: {'vendor':,,"},"
24319,: {'vendor':,,"},"
24320,: {'vendor':,,"},"
24321,: {'vendor':,,"},"
24322,: {'vendor':,,"},"
24323,: {'vendor':,,"},"
24324,: {'vendor':,,"},"
24325,: {'vendor':,,"},"
24326,: {'vendor':,,"},"
24327,: {'vendor':,,"},"
24328,: {'vendor':,,"},"
24329,: {'vendor':,,"},"
24330,: {'vendor':,,"},"
24331,: {'vendor':,,"},"
24332,: {'vendor':,,"},"
24333,: {'vendor':,,"},"
24334,: {'vendor':,,"},"
24335,: {'vendor':,,"},"
24336,: {'vendor':,,"},"
24337,: {'vendor':,,"},"
24338,: {'vendor':,,"},"
24339,: {'vendor':,,"},"
24340,: {'vendor':,,"},"
24341,: {'vendor':,,"},"
24342,: {'vendor':,,"},"
24343,: {'vendor':,,"},"
24344,: {'vendor':,,"},"
24345,: {'vendor':,,"},"
24346,: {'vendor':,,"},"
24347,: {'vendor':,,"},"
24348,: {'vendor':,,"},"
24349,: {'vendor':,,"},"
24350,: {'vendor':,,"},"
24351,: {'vendor':,,"},"
24352,: {'vendor':,,"},"
24353,: {'vendor':,,"},"
24354,: {'vendor':,,"},"
24355,: {'vendor':,,"},"
24356,: {'vendor':,,"},"
24357,: {'vendor':,,"},"
24358,: {'vendor':,,"},"
24359,: {'vendor':,,"},"
24360,: {'vendor':,,"},"
24363,: {'vendor':,,"},"
24366,: {'vendor':,,"},"
24464,: {'vendor':,,"},"
24465,: {'vendor':,,"},"
24466,: {'vendor':,,"},"
24467,: {'vendor':,,"},"
24468,: {'vendor':,,"},"
24469,: {'vendor':,,"},"
24470,: {'vendor':,,"},"
24471,: {'vendor':,,"},"
24472,: {'vendor':,,"},"
24473,: {'vendor':,,"},"
24474,: {'vendor':,,"},"
24475,: {'vendor':,,"},"
24477,: {'vendor':,,"},"
24478,: {'vendor':,,"},"
24479,: {'vendor':,,"},"
24480,: {'vendor':,,"},"
24481,: {'vendor':,,"},"
24482,: {'vendor':,,"},"
24483,: {'vendor':,,"},"
24484,: {'vendor':,,"},"
24485,: {'vendor':,,"},"
24486,: {'vendor':,,"},"
24487,: {'vendor':,,"},"
24488,: {'vendor':,,"},"
24489,: {'vendor':,,"},"
24490,: {'vendor':,,"},"
24492,: {'vendor':,,"},"
24493,: {'vendor':,,"},"
24494,: {'vendor':,,"},"
24495,: {'vendor':,,"},"
24496,: {'vendor':,,"},"
24497,: {'vendor':,,"},"
24498,: {'vendor':,,"},"
24499,: {'vendor':,,"},"
24500,: {'vendor':,,"},"
24501,: {'vendor':,,"},"
24502,: {'vendor':,,"},"
24503,: {'vendor':,,"},"
24504,: {'vendor':,,"},"
24506,: {'vendor':,,"},"
24507,: {'vendor':,,"},"
24508,: {'vendor':,,"},"
24509,: {'vendor':,,"},"
24510,: {'vendor':,,"},"
24511,: {'vendor':,,"},"
24512,: {'vendor':,,"},"
24515,: {'vendor':,,"},"
24516,: {'vendor':,,"},"
24519,: {'vendor':,,"},"
24520,: {'vendor':,,"},"
24521,: {'vendor':,,"},"
24522,: {'vendor':,,"},"
24526,: {'vendor':,,"},"
24527,: {'vendor':,,"},"
24534,: {'vendor':,,"},"
24535,: {'vendor':,,"},"
24536,: {'vendor':,,"},"
24537,: {'vendor':,,"},"
24538,: {'vendor':,,"},"
24539,: {'vendor':,,"},"
24540,: {'vendor':,,"},"
24541,: {'vendor':,,"},"
24542,: {'vendor':,,"},"
24543,: {'vendor':,,"},"
24544,: {'vendor':,,"},"
24545,: {'vendor':,,"},"
24726,: {'vendor':,,"},"
24729,: {'vendor':,,"},"
24732,: {'vendor':,,"},"
24735,: {'vendor':,,"},"
24741,: {'vendor':,,"},"
24772,: {'vendor':,,"},"
24773,: {'vendor':,,"},"
24800,: {'vendor':,,"},"
24803,: {'vendor':,,"},"
24806,: {'vendor':,,"},"
24812,: {'vendor':,,"},"
24815,: {'vendor':,,"},"
24818,: {'vendor':,,"},"
24821,: {'vendor':,,"},"
24824,: {'vendor':,,"},"
24870,: {'vendor':,,"},"
24871,: {'vendor':,,"},"
24872,: {'vendor':,,"},"
24873,: {'vendor':,,"},"
24874,: {'vendor':,,"},"
24875,: {'vendor':,,"},"
24876,: {'vendor':,,"},"
24877,: {'vendor':,,"},"
24878,: {'vendor':,,"},"
24879,: {'vendor':,,"},"
24880,: {'vendor':,,"},"
24881,: {'vendor':,,"},"
24882,: {'vendor':,,"},"
24883,: {'vendor':,,"},"
24884,: {'vendor':,,"},"
24889,: {'vendor':,,"},"
24896,: {'vendor':,,"},"
24897,: {'vendor':,,"},"
24898,: {'vendor':,,"},"
24899,: {'vendor':,,"},"
24900,: {'vendor':,,"},"
24901,: {'vendor':,,"},"
24902,: {'vendor':,,"},"
24903,: {'vendor':,,"},"
24904,: {'vendor':,,"},"
24905,: {'vendor':,,"},"
24906,: {'vendor':,,"},"
24907,: {'vendor':,,"},"
24908,: {'vendor':,,"},"
24909,: {'vendor':,,"},"
24910,: {'vendor':,,"},"
24911,: {'vendor':,,"},"
24912,: {'vendor':,,"},"
24913,: {'vendor':,,"},"
24914,: {'vendor':,,"},"
24915,: {'vendor':,,"},"
24916,: {'vendor':,,"},"
24917,: {'vendor':,,"},"
24918,: {'vendor':,,"},"
24919,: {'vendor':,,"},"
24920,: {'vendor':,,"},"
24921,: {'vendor':,,"},"
24922,: {'vendor':,,"},"
24923,: {'vendor':,,"},"
24924,: {'vendor':,,"},"
24925,: {'vendor':,,"},"
24959,: {'vendor':,,"},"
24999,: {'vendor':,,"},"
25039,: {'vendor':,,"},"
25079,: {'vendor':,,"},"
25119,: {'vendor':,,"},"
25159,: {'vendor':,,"},"
25199,: {'vendor':,,"},"
25239,: {'vendor':,,"},"
25279,: {'vendor':,,"},"
25319,: {'vendor':,,"},"
25359,: {'vendor':,,"},"
25399,: {'vendor':,,"},"
25439,: {'vendor':,,"},"
25479,: {'vendor':,,"},"
25519,: {'vendor':,,"},"
25559,: {'vendor':,,"},"
25599,: {'vendor':,,"},"
25639,: {'vendor':,,"},"
25679,: {'vendor':,,"},"
36038,: {'vendor':,,"},"
36041,: {'vendor':,,"},"
36052,: {'vendor':,,"},"
36059,: {'vendor':,,"},"
36060,: {'vendor':,,"},"
36061,: {'vendor':,,"},"
36731,: {'vendor':,,"},"
36755,: {'vendor':,,"},"
36782,: {'vendor':,,"},"
36793,: {'vendor':,,"},"
36796,: {'vendor':,,"},"
37174,: {'vendor':,,"},"
37175,: {'vendor':,,"},"
37176,: {'vendor':,,"},"
37177,: {'vendor':,,"},"
37178,: {'vendor':,,"},"
37179,: {'vendor':,,"},"
37180,: {'vendor':,,"},"
37181,: {'vendor':,,"},"
37897,: {'vendor':,,"},"
37906,: {'vendor':,,"},"
37907,: {'vendor':,,"},"
37908,: {'vendor':,,"},"
37909,: {'vendor':,,"},"
38014,: {'vendor':,,"},"
38023,: {'vendor':,,"},"
38024,: {'vendor':,,"},"
38138,: {'vendor':,,"},"
38139,: {'vendor':,,"},"
38140,: {'vendor':,,"},"
38141,: {'vendor':,,"},"
38142,: {'vendor':,,"},"
38143,: {'vendor':,,"},"
38162,: {'vendor':,,"},"
38163,: {'vendor':,,"},"
38164,: {'vendor':,,"},"
38165,: {'vendor':,,"},"
38166,: {'vendor':,,"},"
38167,: {'vendor':,,"},"
38210,: {'vendor':,,"},"
38216,: {'vendor':,,"},"
38429,: {'vendor':,,"},"
38430,: {'vendor':,,"},"
38431,: {'vendor':,,"},"
38432,: {'vendor':,,"},"
38433,: {'vendor':,,"},"
38434,: {'vendor':,,"},"
39125,: {'vendor':,,"},"
41553,: {'vendor':,,"},"
41554,: {'vendor':,,"},"
41555,: {'vendor':,,"},"
41556,: {'vendor':,,"},"
41557,: {'vendor':,,"},"
41558,: {'vendor':,,"},"
41559,: {'vendor':,,"},"
41560,: {'vendor':,,"},"
41570,: {'vendor':,,"},"
41571,: {'vendor':,,"},"
41572,: {'vendor':,,"},"
42006,: {'vendor':,,"},"
42007,: {'vendor':,,"},"
42008,: {'vendor':,,"},"
42009,: {'vendor':,,"},"
42010,: {'vendor':,,"},"
42011,: {'vendor':,,"},"
42012,: {'vendor':,,"},"
42013,: {'vendor':,,"},"
42014,: {'vendor':,,"},"
42015,: {'vendor':,,"},"
42016,: {'vendor':,,"},"
42017,: {'vendor':,,"},"
42019,: {'vendor':,,"},"
42020,: {'vendor':,,"},"
42021,: {'vendor':,,"},"
42022,: {'vendor':,,"},"
42023,: {'vendor':,,"},"
42025,: {'vendor':,,"},"
42026,: {'vendor':,,"},"
42027,: {'vendor':,,"},"
42029,: {'vendor':,,"},"
43319,: {'vendor':,,"},"
43351,: {'vendor':,,"},"
43772,: {'vendor':,,"},"
43773,: {'vendor':,,"},"
43774,: {'vendor':,,"},"
43775,: {'vendor':,,"},"
43866,: {'vendor':,,"},"
44537,: {'vendor':,,"},"
44538,: {'vendor':,,"},"
44539,: {'vendor':,,"},"
44540,: {'vendor':,,"},"
44541,: {'vendor':,,"},"
44542,: {'vendor':,,"},"
44543,: {'vendor':,,"},"
44544,: {'vendor':,,"},"
44941,: {'vendor':,,"},"
45175,: {'vendor':,,"},"
45176,: {'vendor':,,"},"
45177,: {'vendor':,,"},"
45832,: {'vendor':,,"},"
45833,: {'vendor':,,"},"
45834,: {'vendor':,,"},"
45835,: {'vendor':,,"},"
45836,: {'vendor':,,"},"
45837,: {'vendor':,,"},"
45838,: {'vendor':,,"},"
45839,: {'vendor':,,"},"
45840,: {'vendor':,,"},"
45841,: {'vendor':,,"},"
45842,: {'vendor':,,"},"
45843,: {'vendor':,,"},"
45844,: {'vendor':,,"},"
45845,: {'vendor':,,"},"
45846,: {'vendor':,,"},"
45847,: {'vendor':,,"},"
45848,: {'vendor':,,"},"
45849,: {'vendor':,,"},"
45850,: {'vendor':,,"},"
45851,: {'vendor':,,"},"
45852,: {'vendor':,,"},"
45853,: {'vendor':,,"},"
45854,: {'vendor':,,"},"
45855,: {'vendor':,,"},"
45856,: {'vendor':,,"},"
45857,: {'vendor':,,"},"
45858,: {'vendor':,,"},"
45859,: {'vendor':,,"},"
45860,: {'vendor':,,"},"
45861,: {'vendor':,,"},"
45862,: {'vendor':,,"},"
45863,: {'vendor':,,"},"
45864,: {'vendor':,,"},"
45865,: {'vendor':,,"},"
45866,: {'vendor':,,"},"
45867,: {'vendor':,,"},"
45868,: {'vendor':,,"},"
45869,: {'vendor':,,"},"
45870,: {'vendor':,,"},"
45871,: {'vendor':,,"},"
45872,: {'vendor':,,"},"
45873,: {'vendor':,,"},"
45874,: {'vendor':,,"},"
45875,: {'vendor':,,"},"
45876,: {'vendor':,,"},"
45877,: {'vendor':,,"},"
45878,: {'vendor':,,"},"
45879,: {'vendor':,,"},"
45880,: {'vendor':,,"},"
45881,: {'vendor':,,"},"
45882,: {'vendor':,,"},"
45883,: {'vendor':,,"},"
45884,: {'vendor':,,"},"
45885,: {'vendor':,,"},"
45886,: {'vendor':,,"},"
45887,: {'vendor':,,"},"
45888,: {'vendor':,,"},"
45889,: {'vendor':,,"},"
45890,: {'vendor':,,"},"
45891,: {'vendor':,,"},"
45892,: {'vendor':,,"},"
45893,: {'vendor':,,"},"
45894,: {'vendor':,,"},"
45895,: {'vendor':,,"},"
45896,: {'vendor':,,"},"
45897,: {'vendor':,,"},"
45898,: {'vendor':,,"},"
45899,: {'vendor':,,"},"
45900,: {'vendor':,,"},"
45901,: {'vendor':,,"},"
45902,: {'vendor':,,"},"
46681,: {'vendor':,,"},"
46682,: {'vendor':,,"},"
46684,: {'vendor':,,"},"
46685,: {'vendor':,,"},"
46686,: {'vendor':,,"},"
46687,: {'vendor':,,"},"
46688,: {'vendor':,,"},"
46689,: {'vendor':,,"},"
46690,: {'vendor':,,"},"
46691,: {'vendor':,,"},"
46692,: {'vendor':,,"},"
46693,: {'vendor':,,"},"
46694,: {'vendor':,,"},"
46695,: {'vendor':,,"},"
46696,: {'vendor':,,"},"
46697,: {'vendor':,,"},"
46698,: {'vendor':,,"},"
46699,: {'vendor':,,"},"
46700,: {'vendor':,,"},"
46701,: {'vendor':,,"},"
46702,: {'vendor':,,"},"
46703,: {'vendor':,,"},"
46704,: {'vendor':,,"},"
46705,: {'vendor':,,"},"
46706,: {'vendor':,,"},"
46707,: {'vendor':,,"},"
46708,: {'vendor':,,"},"
46709,: {'vendor':,,"},"
46710,: {'vendor':,,"},"
46711,: {'vendor':,,"},"
46712,: {'vendor':,,"},"
46713,: {'vendor':,,"},"
46714,: {'vendor':,,"},"
46715,: {'vendor':,,"},"
46716,: {'vendor':,,"},"
46717,: {'vendor':,,"},"
46718,: {'vendor':,,"},"
46719,: {'vendor':,,"},"
46720,: {'vendor':,,"},"
46721,: {'vendor':,,"},"
46722,: {'vendor':,,"},"
46723,: {'vendor':,,"},"
46724,: {'vendor':,,"},"
46725,: {'vendor':,,"},"
46726,: {'vendor':,,"},"
46727,: {'vendor':,,"},"
46728,: {'vendor':,,"},"
46729,: {'vendor':,,"},"
46730,: {'vendor':,,"},"
46731,: {'vendor':,,"},"
46732,: {'vendor':,,"},"
46733,: {'vendor':,,"},"
46734,: {'vendor':,,"},"
46735,: {'vendor':,,"},"
46736,: {'vendor':,,"},"
46738,: {'vendor':,,"},"
46739,: {'vendor':,,"},"
46740,: {'vendor':,,"},"
46741,: {'vendor':,,"},"
46742,: {'vendor':,,"},"
46744,: {'vendor':,,"},"
46745,: {'vendor':,,"},"
46746,: {'vendor':,,"},"
46752,: {'vendor':,,"},"
48752,: {'vendor':,,"},"
48805,: {'vendor':,,"},"
48806,: {'vendor':,,"},"
48807,: {'vendor':,,"},"
48884,: {'vendor':,,"},"
49424,: {'vendor':,,"},"
49425,: {'vendor':,,"},"
49426,: {'vendor':,,"},"
49427,: {'vendor':,,"},"
49428,: {'vendor':,,"},"
49429,: {'vendor':,,"},"
49430,: {'vendor':,,"},"
49431,: {'vendor':,,"},"
49432,: {'vendor':,,"},"
49433,: {'vendor':,,"},"
49434,: {'vendor':,,"},"
49435,: {'vendor':,,"},"
49436,: {'vendor':,,"},"
49437,: {'vendor':,,"},"
49438,: {'vendor':,,"},"
49439,: {'vendor':,,"},"
49440,: {'vendor':,,"},"
49441,: {'vendor':,,"},"
49442,: {'vendor':,,"},"
49443,: {'vendor':,,"},"
49522,: {'vendor':,,"},"
49523,: {'vendor':,,"},"
49782,: {'vendor':,,"},"
49823,: {'vendor':,,"},"
49863,: {'vendor':,,"},"
49864,: {'vendor':,,"},"
49865,: {'vendor':,,"},"
49866,: {'vendor':,,"},"
50025,: {'vendor':,,"},"
50342,: {'vendor':,,"},"
50343,: {'vendor':,,"},"
50347,: {'vendor':,,"},"
50349,: {'vendor':,,"},"
50351,: {'vendor':,,"},"
50352,: {'vendor':,,"},"
50353,: {'vendor':,,"},"
50355,: {'vendor':,,"},"
50358,: {'vendor':,,"},"
50360,: {'vendor':,,"},"
50362,: {'vendor':,,"},"
50363,: {'vendor':,,"},"
50364,: {'vendor':,,"},"
50366,: {'vendor':,,"},"
50367,: {'vendor':,,"},"
50368,: {'vendor':,,"},"
62885,: {'vendor':,,"},"
62886,: {'vendor':,,"},"
62887,: {'vendor':,,"},"
62888,: {'vendor':,,"},"
62891,: {'vendor':,,"},"
62892,: {'vendor':,,"},"
62893,: {'vendor':,,"},"
62894,: {'vendor':,,"},"
62895,: {'vendor':,,"},"
62896,: {'vendor':,,"},"
62899,: {'vendor':,,"},"
62900,: {'vendor':,,"},"
62901,: {'vendor':,,"},"
62902,: {'vendor':,,"},"
62903,: {'vendor':,,"},"
62904,: {'vendor':,,"},"
62907,: {'vendor':,,"},"
62908,: {'vendor':,,"},"
62909,: {'vendor':,,"},"
62910,: {'vendor':,,"},"
62911,: {'vendor':,,"},"
62912,: {'vendor':,,"},"
62915,: {'vendor':,,"},"
62916,: {'vendor':,,"},"
62917,: {'vendor':,,"},"
62918,: {'vendor':,,"},"
62919,: {'vendor':,,"},"
62920,: {'vendor':,,"},"
62923,: {'vendor':,,"},"
62924,: {'vendor':,,"},"
62925,: {'vendor':,,"},"
62926,: {'vendor':,,"},"
62928,: {'vendor':,,"},"
62931,: {'vendor':,,"},"
62934,: {'vendor':,,"},"
62935,: {'vendor':,,"},"
62936,: {'vendor':,,"},"
62937,: {'vendor':,,"},"
62939,: {'vendor':,,"},"
62940,: {'vendor':,,"},"
62943,: {'vendor':,,"},"
62944,: {'vendor':,,"},"
62945,: {'vendor':,,"},"
62946,: {'vendor':,,"},"
62947,: {'vendor':,,"},"
62948,: {'vendor':,,"},"
62949,: {'vendor':,,"},"
62950,: {'vendor':,,"},"
62951,: {'vendor':,,"},"
62952,: {'vendor':,,"},"
62953,: {'vendor':,,"},"
62954,: {'vendor':,,"},"
62955,: {'vendor':,,"},"
62956,: {'vendor':,,"},"
62957,: {'vendor':,,"},"
62958,: {'vendor':,,"},"
62959,: {'vendor':,,"},"
62960,: {'vendor':,,"},"
62961,: {'vendor':,,"},"
62962,: {'vendor':,,"},"
62963,: {'vendor':,,"},"
62964,: {'vendor':,,"},"
62965,: {'vendor':,,"},"
62966,: {'vendor':,,"},"
62967,: {'vendor':,,"},"
62968,: {'vendor':,,"},"
62969,: {'vendor':,,"},"
62970,: {'vendor':,,"},"
62971,: {'vendor':,,"},"
62972,: {'vendor':,,"},"
62973,: {'vendor':,,"},"
62974,: {'vendor':,,"},"
62975,: {'vendor':,,"},"
62976,: {'vendor':,,"},"
62977,: {'vendor':,,"},"
62978,: {'vendor':,,"},"
62979,: {'vendor':,,"},"
62980,: {'vendor':,,"},"
62981,: {'vendor':,,"},"
62982,: {'vendor':,,"},"
62983,: {'vendor':,,"},"
62984,: {'vendor':,,"},"
62985,: {'vendor':,,"},"
62986,: {'vendor':,,"},"
62987,: {'vendor':,,"},"
62988,: {'vendor':,,"},"
62989,: {'vendor':,,"},"
62990,: {'vendor':,,"},"
66522,: {'vendor':,,"},"
66523,: {'vendor':,,"},"
66524,: {'vendor':,,"},"
66528,: {'vendor':,,"},"
66529,: {'vendor':,,"},"
66530,: {'vendor':,,"},"
66536,: {'vendor':,,"},"
66537,: {'vendor':,,"},"
66610,: {'vendor':,,"},"
66612,: {'vendor':,,"},"
66613,: {'vendor':,,"},"
66618,: {'vendor':,,"},"
66623,: {'vendor':,,"},"
66625,: {'vendor':,,"},"
66636,: {'vendor':,,"},"
66637,: {'vendor':,,"},"
66638,: {'vendor':,,"},"
66639,: {'vendor':,,"},"
66640,: {'vendor':,,"},"
66641,: {'vendor':,,"},"
66642,: {'vendor':,,"},"
66643,: {'vendor':,,"},"
66644,: {'vendor':,,"},"
66645,: {'vendor':,,"},"
66646,: {'vendor':,,"},"
66647,: {'vendor':,,"},"
66648,: {'vendor':,,"},"
66649,: {'vendor':,,"},"
66650,: {'vendor':,,"},"
66651,: {'vendor':,,"},"
66652,: {'vendor':,,"},"
66653,: {'vendor':,,"},"
66654,: {'vendor':,,"},"
66655,: {'vendor':,,"},"
66656,: {'vendor':,,"},"
66657,: {'vendor':,,"},"
66671,: {'vendor':,,"},"
66902,: {'vendor':,,"},"
66933,: {'vendor':,,"},"
67829,: {'vendor':,,"},"
67830,: {'vendor':,,"},"
67831,: {'vendor':,,"},"
67832,: {'vendor':,,"},"
67833,: {'vendor':,,"},"
67914,: {'vendor':,,"},"
68047,: {'vendor':,,"},"
68063,: {'vendor':,,"},"
68620,: {'vendor':,,"},"
68942,: {'vendor':,,"},"
68944,: {'vendor':,,"},"
69370,: {'vendor':,,"},"
69392,: {'vendor':,,"},"
69432,: {'vendor':,,"},"
69434,: {'vendor':,,"},"
69953,: {'vendor':,,"},"
70420,: {'vendor':,,"},"
70424,: {'vendor':,,"},"
70426,: {'vendor':,,"},"
70434,: {'vendor':,,"},"
70435,: {'vendor':,,"},"
70437,: {'vendor':,,"},"
70439,: {'vendor':,,"},"
70447,: {'vendor':,,"},"
70454,: {'vendor':,,"},"
70465,: {'vendor':,,"},"
70466,: {'vendor':,,"},"
70468,: {'vendor':,,"},"
70489,: {'vendor':,,"},"
70493,: {'vendor':,,"},"
70522,: {'vendor':,,"},"
70537,: {'vendor':,,"},"
70545,: {'vendor':,,"},"
70548,: {'vendor':,,"},"
70592,: {'vendor':,,"},"
70612,: {'vendor':,,"},"
70629,: {'vendor':,,"},"
70632,: {'vendor':,,"},"
70642,: {'vendor':,,"},"
70658,: {'vendor':,,"},"
70666,: {'vendor':,,"},"
70670,: {'vendor':,,"},"
70673,: {'vendor':,,"},"
70675,: {'vendor':,,"},"
70681,: {'vendor':,,"},"
70682,: {'vendor':,,"},"
70710,: {'vendor':,,"},"
70714,: {'vendor':,,"},"
70718,: {'vendor':,,"},"
70724,: {'vendor':,,"},"
70728,: {'vendor':,,"},"
70730,: {'vendor':,,"},"
70735,: {'vendor':,,"},"
70742,: {'vendor':,,"},"
70750,: {'vendor':,,"},"
70757,: {'vendor':,,"},"
70759,: {'vendor':,,"},"
70763,: {'vendor':,,"},"
70765,: {'vendor':,,"},"
70766,: {'vendor':,,"},"
70779,: {'vendor':,,"},"
70791,: {'vendor':,,"},"
70792,: {'vendor':,,"},"
70798,: {'vendor':,,"},"
70799,: {'vendor':,,"},"
70806,: {'vendor':,,"},"
70820,: {'vendor':,,"},"
70842,: {'vendor':,,"},"
70850,: {'vendor':,,"},"
70851,: {'vendor':,,"},"
70861,: {'vendor':,,"},"
70868,: {'vendor':,,"},"
70874,: {'vendor':,,"},"
70883,: {'vendor':,,"},"
70884,: {'vendor':,,"},"
70891,: {'vendor':,,"},"
70916,: {'vendor':,,"},"
70926,: {'vendor':,,"},"
70930,: {'vendor':,,"},"
70931,: {'vendor':,,"},"
70933,: {'vendor':,,"},"
70940,: {'vendor':,,"},"
70950,: {'vendor':,,"},"
70952,: {'vendor':,,"},"
70955,: {'vendor':,,"},"
70956,: {'vendor':,,"},"
70957,: {'vendor':,,"},"
70965,: {'vendor':,,"},"
70977,: {'vendor':,,"},"
70992,: {'vendor':,,"},"
71036,: {'vendor':,,"},"
71049,: {'vendor':,,"},"
71069,: {'vendor':,,"},"
71070,: {'vendor':,,"},"
71098,: {'vendor':,,"},"
71110,: {'vendor':,,"},"
71112,: {'vendor':,,"},"
71132,: {'vendor':,,"},"
71136,: {'vendor':,,"},"
71137,: {'vendor':,,"},"
71146,: {'vendor':,,"},"
71148,: {'vendor':,,"},"
71155,: {'vendor':,,"},"
71159,: {'vendor':,,"},"
71163,: {'vendor':,,"},"
71168,: {'vendor':,,"},"
71171,: {'vendor':,,"},"
71189,: {'vendor':,,"},"
71195,: {'vendor':,,"},"
71201,: {'vendor':,,"},"
71203,: {'vendor':,,"},"
71207,: {'vendor':,,"},"
71225,: {'vendor':,,"},"
71252,: {'vendor':,,"},"
71260,: {'vendor':,,"},"
71262,: {'vendor':,,"},"
71277,: {'vendor':,,"},"
71287,: {'vendor':,,"},"
71307,: {'vendor':,,"},"
71312,: {'vendor':,,"},"
71331,: {'vendor':,,"},"
71334,: {'vendor':,,"},"
71336,: {'vendor':,,"},"
71350,: {'vendor':,,"},"
71352,: {'vendor':,,"},"
71385,: {'vendor':,,"},"
71392,: {'vendor':,,"},"
71398,: {'vendor':,,"},"
71412,: {'vendor':,,"},"
71428,: {'vendor':,,"},"
71433,: {'vendor':,,"},"
71437,: {'vendor':,,"},"
71446,: {'vendor':,,"},"
71449,: {'vendor':,,"},"
71453,: {'vendor':,,"},"
71473,: {'vendor':,,"},"
71486,: {'vendor':,,"},"
71514,: {'vendor':,,"},"
71574,: {'vendor':,,"},"
71581,: {'vendor':,,"},"
71583,: {'vendor':,,"},"
71613,: {'vendor':,,"},"
71627,: {'vendor':,,"},"
71641,: {'vendor':,,"},"
71661,: {'vendor':,,"},"
71668,: {'vendor':,,"},"
71671,: {'vendor':,,"},"
71691,: {'vendor':,,"},"
71692,: {'vendor':,,"},"
71702,: {'vendor':,,"},"
71720,: {'vendor':,,"},"
71723,: {'vendor':,,"},"
71724,: {'vendor':,,"},"
71725,: {'vendor':,,"},"
71730,: {'vendor':,,"},"
71736,: {'vendor':,,"},"
71776,: {'vendor':,,"},"
71793,: {'vendor':,,"},"
71852,: {'vendor':,,"},"
71856,: {'vendor':,,"},"
71861,: {'vendor':,,"},"
71873,: {'vendor':,,"},"
71875,: {'vendor':,,"},"
71879,: {'vendor':,,"},"
71885,: {'vendor':,,"},"
71890,: {'vendor':,,"},"
71900,: {'vendor':,,"},"
71908,: {'vendor':,,"},"
71915,: {'vendor':,,"},"
71928,: {'vendor':,,"},"
71932,: {'vendor':,,"},"
71938,: {'vendor':,,"},"
71949,: {'vendor':,,"},"
71952,: {'vendor':,,"},"
71955,: {'vendor':,,"},"
71956,: {'vendor':,,"},"
71979,: {'vendor':,,"},"
71994,: {'vendor':,,"},"
71998,: {'vendor':,,"},"
72009,: {'vendor':,,"},"
72012,: {'vendor':,,"},"
72017,: {'vendor':,,"},"
72022,: {'vendor':,,"},"
72024,: {'vendor':,,"},"
72035,: {'vendor':,,"},"
72048,: {'vendor':,,"},"
72052,: {'vendor':,,"},"
72060,: {'vendor':,,"},"
72113,: {'vendor':,,"},"
72126,: {'vendor':,,"},"
72129,: {'vendor':,,"},"
72142,: {'vendor':,,"},"
72146,: {'vendor':,,"},"
72154,: {'vendor':,,"},"
72193,: {'vendor':,,"},"
72194,: {'vendor':,,"},"
72195,: {'vendor':,,"},"
72209,: {'vendor':,,"},"
72258,: {'vendor':,,"},"
72261,: {'vendor':,,"},"
72265,: {'vendor':,,"},"
72268,: {'vendor':,,"},"
72291,: {'vendor':,,"},"
72293,: {'vendor':,,"},"
72296,: {'vendor':,,"},"
72297,: {'vendor':,,"},"
72313,: {'vendor':,,"},"
72315,: {'vendor':,,"},"
72331,: {'vendor':,,"},"
72337,: {'vendor':,,"},"
72349,: {'vendor':,,"},"
72403,: {'vendor':,,"},"
72428,: {'vendor':,,"},"
72433,: {'vendor':,,"},"
72435,: {'vendor':,,"},"
72436,: {'vendor':,,"},"
72445,: {'vendor':,,"},"
72449,: {'vendor':,,"},"
72454,: {'vendor':,,"},"
72458,: {'vendor':,,"},"
72462,: {'vendor':,,"},"
72464,: {'vendor':,,"},"
72484,: {'vendor':,,"},"
72497,: {'vendor':,,"},"
72498,: {'vendor':,,"},"
72504,: {'vendor':,,"},"
72506,: {'vendor':,,"},"
72510,: {'vendor':,,"},"
72522,: {'vendor':,,"},"
72535,: {'vendor':,,"},"
72537,: {'vendor':,,"},"
72543,: {'vendor':,,"},"
72549,: {'vendor':,,"},"
72550,: {'vendor':,,"},"
72551,: {'vendor':,,"},"
72553,: {'vendor':,,"},"
72563,: {'vendor':,,"},"
72572,: {'vendor':,,"},"
72579,: {'vendor':,,"},"
72583,: {'vendor':,,"},"
72589,: {'vendor':,,"},"
72598,: {'vendor':,,"},"
72613,: {'vendor':,,"},"
72622,: {'vendor':,,"},"
72624,: {'vendor':,,"},"
72627,: {'vendor':,,"},"
72672,: {'vendor':,,"},"
72673,: {'vendor':,,"},"
72674,: {'vendor':,,"},"
72677,: {'vendor':,,"},"
72679,: {'vendor':,,"},"
72689,: {'vendor':,,"},"
72724,: {'vendor':,,"},"
72743,: {'vendor':,,"},"
72752,: {'vendor':,,"},"
72766,: {'vendor':,,"},"
72778,: {'vendor':,,"},"
72781,: {'vendor':,,"},"
72795,: {'vendor':,,"},"
72802,: {'vendor':,,"},"
72807,: {'vendor':,,"},"
72813,: {'vendor':,,"},"
72821,: {'vendor':,,"},"
72825,: {'vendor':,,"},"
72826,: {'vendor':,,"},"
72845,: {'vendor':,,"},"
72846,: {'vendor':,,"},"
72849,: {'vendor':,,"},"
72862,: {'vendor':,,"},"
72875,: {'vendor':,,"},"
72892,: {'vendor':,,"},"
72898,: {'vendor':,,"},"
72902,: {'vendor':,,"},"
72920,: {'vendor':,,"},"
72925,: {'vendor':,,"},"
72934,: {'vendor':,,"},"
72955,: {'vendor':,,"},"
72961,: {'vendor':,,"},"
72985,: {'vendor':,,"},"
72995,: {'vendor':,,"},"
72997,: {'vendor':,,"},"
73013,: {'vendor':,,"},"
73017,: {'vendor':,,"},"
73027,: {'vendor':,,"},"
73034,: {'vendor':,,"},"
73056,: {'vendor':,,"},"
73081,: {'vendor':,,"},"
73088,: {'vendor':,,"},"
73096,: {'vendor':,,"},"
73111,: {'vendor':,,"},"
73113,: {'vendor':,,"},"
73117,: {'vendor':,,"},"
73120,: {'vendor':,,"},"
73137,: {'vendor':,,"},"
73139,: {'vendor':,,"},"
73140,: {'vendor':,,"},"
73158,: {'vendor':,,"},"
73174,: {'vendor':,,"},"
73186,: {'vendor':,,"},"
73191,: {'vendor':,,"},"
73193,: {'vendor':,,"},"
73200,: {'vendor':,,"},"
73201,: {'vendor':,,"},"
73211,: {'vendor':,,"},"
73217,: {'vendor':,,"},"
73227,: {'vendor':,,"},"
73229,: {'vendor':,,"},"
73243,: {'vendor':,,"},"
73248,: {'vendor':,,"},"
73264,: {'vendor':,,"},"
73266,: {'vendor':,,"},"
73286,: {'vendor':,,"},"
73291,: {'vendor':,,"},"
73296,: {'vendor':,,"},"
73305,: {'vendor':,,"},"
73311,: {'vendor':,,"},"
73332,: {'vendor':,,"},"
73369,: {'vendor':,,"},"
73375,: {'vendor':,,"},"
73386,: {'vendor':,,"},"
73396,: {'vendor':,,"},"
73397,: {'vendor':,,"},"
73411,: {'vendor':,,"},"
73415,: {'vendor':,,"},"
73417,: {'vendor':,,"},"
73430,: {'vendor':,,"},"
73440,: {'vendor':,,"},"
73444,: {'vendor':,,"},"
73453,: {'vendor':,,"},"
73471,: {'vendor':,,"},"
73473,: {'vendor':,,"},"
73499,: {'vendor':,,"},"
73503,: {'vendor':,,"},"
73504,: {'vendor':,,"},"
73512,: {'vendor':,,"},"
73517,: {'vendor':,,"},"
73524,: {'vendor':,,"},"
73537,: {'vendor':,,"},"
73555,: {'vendor':,,"},"
73569,: {'vendor':,,"},"
73582,: {'vendor':,,"},"
73584,: {'vendor':,,"},"
73595,: {'vendor':,,"},"
73596,: {'vendor':,,"},"
73615,: {'vendor':,,"},"
73665,: {'vendor':,,"},"
73671,: {'vendor':,,"},"
73683,: {'vendor':,,"},"
73733,: {'vendor':,,"},"
73736,: {'vendor':,,"},"
73748,: {'vendor':,,"},"
73753,: {'vendor':,,"},"
73764,: {'vendor':,,"},"
73772,: {'vendor':,,"},"
73774,: {'vendor':,,"},"
73804,: {'vendor':,,"},"
73806,: {'vendor':,,"},"
73809,: {'vendor':,,"},"
73827,: {'vendor':,,"},"
73839,: {'vendor':,,"},"
73841,: {'vendor':,,"},"
73863,: {'vendor':,,"},"
73874,: {'vendor':,,"},"
73875,: {'vendor':,,"},"
73881,: {'vendor':,,"},"
73891,: {'vendor':,,"},"
73903,: {'vendor':,,"},"
73935,: {'vendor':,,"},"
73944,: {'vendor':,,"},"
73955,: {'vendor':,,"},"
73961,: {'vendor':,,"},"
73964,: {'vendor':,,"},"
73966,: {'vendor':,,"},"
73980,: {'vendor':,,"},"
73993,: {'vendor':,,"},"
74016,: {'vendor':,,"},"
74031,: {'vendor':,,"},"
74032,: {'vendor':,,"},"
74061,: {'vendor':,,"},"
74084,: {'vendor':,,"},"
74090,: {'vendor':,,"},"
74091,: {'vendor':,,"},"
74118,: {'vendor':,,"},"
74158,: {'vendor':,,"},"
74161,: {'vendor':,,"},"
74162,: {'vendor':,,"},"
74171,: {'vendor':,,"},"
74202,: {'vendor':,,"},"
74207,: {'vendor':,,"},"
74218,: {'vendor':,,"},"
74237,: {'vendor':,,"},"
74242,: {'vendor':,,"},"
74253,: {'vendor':,,"},"
74266,: {'vendor':,,"},"
74287,: {'vendor':,,"},"
74293,: {'vendor':,,"},"
74296,: {'vendor':,,"},"
74299,: {'vendor':,,"},"
74328,: {'vendor':,,"},"
74335,: {'vendor':,,"},"
74341,: {'vendor':,,"},"
74348,: {'vendor':,,"},"
74358,: {'vendor':,,"},"
74378,: {'vendor':,,"},"
74430,: {'vendor':,,"},"
74433,: {'vendor':,,"},"
74445,: {'vendor':,,"},"
74457,: {'vendor':,,"},"
74485,: {'vendor':,,"},"
74492,: {'vendor':,,"},"
74525,: {'vendor':,,"},"
74536,: {'vendor':,,"},"
74544,: {'vendor':,,"},"
74596,: {'vendor':,,"},"
74598,: {'vendor':,,"},"
74632,: {'vendor':,,"},"
74637,: {'vendor':,,"},"
74643,: {'vendor':,,"},"
74650,: {'vendor':,,"},"
74662,: {'vendor':,,"},"
74681,: {'vendor':,,"},"
74683,: {'vendor':,,"},"
74717,: {'vendor':,,"},"
74719,: {'vendor':,,"},"
74724,: {'vendor':,,"},"
74763,: {'vendor':,,"},"
74765,: {'vendor':,,"},"
74768,: {'vendor':,,"},"
74788,: {'vendor':,,"},"
74798,: {'vendor':,,"},"
74802,: {'vendor':,,"},"
74804,: {'vendor':,,"},"
74808,: {'vendor':,,"},"
74809,: {'vendor':,,"},"
74822,: {'vendor':,,"},"
74825,: {'vendor':,,"},"
74840,: {'vendor':,,"},"
74846,: {'vendor':,,"},"
74850,: {'vendor':,,"},"
74852,: {'vendor':,,"},"
74854,: {'vendor':,,"},"
74860,: {'vendor':,,"},"
74877,: {'vendor':,,"},"
74890,: {'vendor':,,"},"
74903,: {'vendor':,,"},"
74907,: {'vendor':,,"},"
74909,: {'vendor':,,"},"
74920,: {'vendor':,,"},"
74939,: {'vendor':,,"},"
74982,: {'vendor':,,"},"
74988,: {'vendor':,,"},"
75000,: {'vendor':,,"},"
75001,: {'vendor':,,"},"
75015,: {'vendor':,,"},"
75024,: {'vendor':,,"},"
75034,: {'vendor':,,"},"
75043,: {'vendor':,,"},"
75049,: {'vendor':,,"},"
75051,: {'vendor':,,"},"
75064,: {'vendor':,,"},"
75066,: {'vendor':,,"},"
75075,: {'vendor':,,"},"
75095,: {'vendor':,,"},"
75123,: {'vendor':,,"},"
75126,: {'vendor':,,"},"
75134,: {'vendor':,,"},"
75143,: {'vendor':,,"},"
75147,: {'vendor':,,"},"
75169,: {'vendor':,,"},"
75176,: {'vendor':,,"},"
75181,: {'vendor':,,"},"
75185,: {'vendor':,,"},"
75207,: {'vendor':,,"},"
75215,: {'vendor':,,"},"
75227,: {'vendor':,,"},"
75228,: {'vendor':,,"},"
75232,: {'vendor':,,"},"
75237,: {'vendor':,,"},"
75241,: {'vendor':,,"},"
75242,: {'vendor':,,"},"
75246,: {'vendor':,,"},"
75270,: {'vendor':,,"},"
75272,: {'vendor':,,"},"
75288,: {'vendor':,,"},"
75289,: {'vendor':,,"},"
75290,: {'vendor':,,"},"
75296,: {'vendor':,,"},"
75311,: {'vendor':,,"},"
75316,: {'vendor':,,"},"
75321,: {'vendor':,,"},"
75322,: {'vendor':,,"},"
75330,: {'vendor':,,"},"
75333,: {'vendor':,,"},"
75336,: {'vendor':,,"},"
75354,: {'vendor':,,"},"
75387,: {'vendor':,,"},"
75414,: {'vendor':,,"},"
75429,: {'vendor':,,"},"
75435,: {'vendor':,,"},"
75448,: {'vendor':,,"},"
75469,: {'vendor':,,"},"
75498,: {'vendor':,,"},"
75504,: {'vendor':,,"},"
75506,: {'vendor':,,"},"
75524,: {'vendor':,,"},"
75534,: {'vendor':,,"},"
75535,: {'vendor':,,"},"
75536,: {'vendor':,,"},"
75542,: {'vendor':,,"},"
75549,: {'vendor':,,"},"
75555,: {'vendor':,,"},"
75570,: {'vendor':,,"},"
75587,: {'vendor':,,"},"
75593,: {'vendor':,,"},"
75606,: {'vendor':,,"},"
75610,: {'vendor':,,"},"
75612,: {'vendor':,,"},"
75619,: {'vendor':,,"},"
75633,: {'vendor':,,"},"
75638,: {'vendor':,,"},"
75640,: {'vendor':,,"},"
75648,: {'vendor':,,"},"
75654,: {'vendor':,,"},"
75684,: {'vendor':,,"},"
75689,: {'vendor':,,"},"
75694,: {'vendor':,,"},"
75696,: {'vendor':,,"},"
75698,: {'vendor':,,"},"
75703,: {'vendor':,,"},"
75731,: {'vendor':,,"},"
75738,: {'vendor':,,"},"
75739,: {'vendor':,,"},"
75769,: {'vendor':,,"},"
75781,: {'vendor':,,"},"
75784,: {'vendor':,,"},"
75801,: {'vendor':,,"},"
75818,: {'vendor':,,"},"
75825,: {'vendor':,,"},"
75841,: {'vendor':,,"},"
75847,: {'vendor':,,"},"
75851,: {'vendor':,,"},"
75857,: {'vendor':,,"},"
75862,: {'vendor':,,"},"
75877,: {'vendor':,,"},"
75899,: {'vendor':,,"},"
75900,: {'vendor':,,"},"
75939,: {'vendor':,,"},"
75952,: {'vendor':,,"},"
75965,: {'vendor':,,"},"
75972,: {'vendor':,,"},"
75976,: {'vendor':,,"},"
75978,: {'vendor':,,"},"
75980,: {'vendor':,,"},"
75981,: {'vendor':,,"},"
75982,: {'vendor':,,"},"
75989,: {'vendor':,,"},"
75991,: {'vendor':,,"},"
76006,: {'vendor':,,"},"
76017,: {'vendor':,,"},"
76038,: {'vendor':,,"},"
76044,: {'vendor':,,"},"
76048,: {'vendor':,,"},"
76051,: {'vendor':,,"},"
76076,: {'vendor':,,"},"
76083,: {'vendor':,,"},"
76084,: {'vendor':,,"},"
76093,: {'vendor':,,"},"
76094,: {'vendor':,,"},"
76115,: {'vendor':,,"},"
76116,: {'vendor':,,"},"
76117,: {'vendor':,,"},"
76120,: {'vendor':,,"},"
76131,: {'vendor':,,"},"
76133,: {'vendor':,,"},"
76146,: {'vendor':,,"},"
76157,: {'vendor':,,"},"
76164,: {'vendor':,,"},"
76167,: {'vendor':,,"},"
76179,: {'vendor':,,"},"
76209,: {'vendor':,,"},"
76216,: {'vendor':,,"},"
76221,: {'vendor':,,"},"
76229,: {'vendor':,,"},"
76232,: {'vendor':,,"},"
76244,: {'vendor':,,"},"
76249,: {'vendor':,,"},"
76254,: {'vendor':,,"},"
76269,: {'vendor':,,"},"
76281,: {'vendor':,,"},"
76292,: {'vendor':,,"},"
76297,: {'vendor':,,"},"
76302,: {'vendor':,,"},"
76313,: {'vendor':,,"},"
76342,: {'vendor':,,"},"
76344,: {'vendor':,,"},"
76354,: {'vendor':,,"},"
76361,: {'vendor':,,"},"
76374,: {'vendor':,,"},"
76376,: {'vendor':,,"},"
76379,: {'vendor':,,"},"
76380,: {'vendor':,,"},"
76385,: {'vendor':,,"},"
76402,: {'vendor':,,"},"
76405,: {'vendor':,,"},"
76411,: {'vendor':,,"},"
76453,: {'vendor':,,"},"
76456,: {'vendor':,,"},"
76460,: {'vendor':,,"},"
76478,: {'vendor':,,"},"
76491,: {'vendor':,,"},"
76502,: {'vendor':,,"},"
76518,: {'vendor':,,"},"
76523,: {'vendor':,,"},"
76541,: {'vendor':,,"},"
76560,: {'vendor':,,"},"
76572,: {'vendor':,,"},"
76587,: {'vendor':,,"},"
76603,: {'vendor':,,"},"
76614,: {'vendor':,,"},"
76653,: {'vendor':,,"},"
76682,: {'vendor':,,"},"
76708,: {'vendor':,,"},"
76735,: {'vendor':,,"},"
76765,: {'vendor':,,"},"
76792,: {'vendor':,,"},"
76799,: {'vendor':,,"},"
76806,: {'vendor':,,"},"
76822,: {'vendor':,,"},"
76826,: {'vendor':,,"},"
76833,: {'vendor':,,"},"
76840,: {'vendor':,,"},"
76843,: {'vendor':,,"},"
76858,: {'vendor':,,"},"
76876,: {'vendor':,,"},"
76891,: {'vendor':,,"},"
76903,: {'vendor':,,"},"
76933,: {'vendor':,,"},"
76994,: {'vendor':,,"},"
77001,: {'vendor':,,"},"
77018,: {'vendor':,,"},"
77026,: {'vendor':,,"},"
77056,: {'vendor':,,"},"
77064,: {'vendor':,,"},"
77071,: {'vendor':,,"},"
77082,: {'vendor':,,"},"
77089,: {'vendor':,,"},"
77112,: {'vendor':,,"},"
77128,: {'vendor':,,"},"
77131,: {'vendor':,,"},"
77139,: {'vendor':,,"},"
77174,: {'vendor':,,"},"
77179,: {'vendor':,,"},"
77186,: {'vendor':,,"},"
77190,: {'vendor':,,"},"
77217,: {'vendor':,,"},"
77223,: {'vendor':,,"},"
77236,: {'vendor':,,"},"
77256,: {'vendor':,,"},"
77576,: {'vendor':,,"},"
77604,: {'vendor':,,"},"
77651,: {'vendor':,,"},"
77685,: {'vendor':,,"},"
77750,: {'vendor':,,"},"
78119,: {'vendor':,,"},"
78230,: {'vendor':,,"},"
78294,: {'vendor':,,"},"
78324,: {'vendor':,,"},"
78342,: {'vendor':,,"},"
78370,: {'vendor':,,"},"
78417,: {'vendor':,,"},"
78475,: {'vendor':,,"},"
78512,: {'vendor':,,"},"
78519,: {'vendor':,,"},"
78544,: {'vendor':,,"},"
78548,: {'vendor':,,"},"
78566,: {'vendor':,,"},"
78592,: {'vendor':,,"},"
78604,: {'vendor':,,"},"
78642,: {'vendor':,,"},"
78685,: {'vendor':,,"},"
78717,: {'vendor':,,"},"
79410,: {'vendor':,,"},"
79445,: {'vendor':,,"},"
79453,: {'vendor':,,"},"
79507,: {'vendor':,,"},"
79784,: {'vendor':,,"},"
79845,: {'vendor':,,"},"
79899,: {'vendor':,,"},"
79902,: {'vendor':,,"},"
80076,: {'vendor':,,"},"
80181,: {'vendor':,,"},"
80201,: {'vendor':,,"},"
80258,: {'vendor':,,"},"
80380,: {'vendor':,,"},"
80454,: {'vendor':,,"},"
80503,: {'vendor':,,"},"
80516,: {'vendor':,,"},"
80595,: {'vendor':,,"},"
80686,: {'vendor':,,"},"
80714,: {'vendor':,,"},"
80723,: {'vendor':,,"},"
80728,: {'vendor':,,"},"
80743,: {'vendor':,,"},"
80763,: {'vendor':,,"},"
80764,: {'vendor':,,"},"
80775,: {'vendor':,,"},"
80781,: {'vendor':,,"},"
80791,: {'vendor':,,"},"
80794,: {'vendor':,,"},"
80831,: {'vendor':,,"},"
81051,: {'vendor':,,"},"
81127,: {'vendor':,,"},"
81163,: {'vendor':,,"},"
81837,: {'vendor':,,"},"
81871,: {'vendor':,,"},"
81961,: {'vendor':,,"},"
81974,: {'vendor':,,"},"
82030,: {'vendor':,,"},"
82069,: {'vendor':,,"},"
82117,: {'vendor':,,"},"
82118,: {'vendor':,,"},"
82125,: {'vendor':,,"},"
82205,: {'vendor':,,"},"
82237,: {'vendor':,,"},"
82239,: {'vendor':,,"},"
82266,: {'vendor':,,"},"
82323,: {'vendor':,,"},"
82326,: {'vendor':,,"},"
82384,: {'vendor':,,"},"
82385,: {'vendor':,,"},"
82415,: {'vendor':,,"},"
82428,: {'vendor':,,"},"
82495,: {'vendor':,,"},"
82501,: {'vendor':,,"},"
82511,: {'vendor':,,"},"
82523,: {'vendor':,,"},"
82527,: {'vendor':,,"},"
82541,: {'vendor':,,"},"
82551,: {'vendor':,,"},"
82582,: {'vendor':,,"},"
82635,: {'vendor':,,"},"
82642,: {'vendor':,,"},"
82656,: {'vendor':,,"},"
82678,: {'vendor':,,"},"
82744,: {'vendor':,,"},"
82749,: {'vendor':,,"},"
82761,: {'vendor':,,"},"
82796,: {'vendor':,,"},"
82806,: {'vendor':,,"},"
82866,: {'vendor':,,"},"
82882,: {'vendor':,,"},"
82888,: {'vendor':,,"},"
82901,: {'vendor':,,"},"
82915,: {'vendor':,,"},"
82991,: {'vendor':,,"},"
82996,: {'vendor':,,"},"
83005,: {'vendor':,,"},"
83021,: {'vendor':,,"},"
83092,: {'vendor':,,"},"
83103,: {'vendor':,,"},"
83130,: {'vendor':,,"},"
83155,: {'vendor':,,"},"
83195,: {'vendor':,,"},"
83214,: {'vendor':,,"},"
83218,: {'vendor':,,"},"
83264,: {'vendor':,,"},"
83284,: {'vendor':,,"},"
83297,: {'vendor':,,"},"
83319,: {'vendor':,,"},"
83322,: {'vendor':,,"},"
83342,: {'vendor':,,"},"
83410,: {'vendor':,,"},"
83415,: {'vendor':,,"},"
83436,: {'vendor':,,"},"
83474,: {'vendor':,,"},"
83559,: {'vendor':,,"},"
83616,: {'vendor':,,"},"
83737,: {'vendor':,,"},"
83757,: {'vendor':,,"},"
83813,: {'vendor':,,"},"
83883,: {'vendor':,,"},"
83887,: {'vendor':,,"},"
83897,: {'vendor':,,"},"
83916,: {'vendor':,,"},"
83926,: {'vendor':,,"},"
83931,: {'vendor':,,"},"
83933,: {'vendor':,,"},"
83974,: {'vendor':,,"},"
84012,: {'vendor':,,"},"
84037,: {'vendor':,,"},"
84061,: {'vendor':,,"},"
84146,: {'vendor':,,"},"
84163,: {'vendor':,,"},"
84191,: {'vendor':,,"},"
84197,: {'vendor':,,"},"
84210,: {'vendor':,,"},"
84226,: {'vendor':,,"},"
84271,: {'vendor':,,"},"
84277,: {'vendor':,,"},"
84403,: {'vendor':,,"},"
84420,: {'vendor':,,"},"
84515,: {'vendor':,,"},"
84539,: {'vendor':,,"},"
84544,: {'vendor':,,"},"
84557,: {'vendor':,,"},"
84581,: {'vendor':,,"},"
84602,: {'vendor':,,"},"
84623,: {'vendor':,,"},"
84686,: {'vendor':,,"},"
84696,: {'vendor':,,"},"
84752,: {'vendor':,,"},"
84765,: {'vendor':,,"},"
84930,: {'vendor':,,"},"
85039,: {'vendor':,,"},"
85092,: {'vendor':,,"},"
85104,: {'vendor':,,"},"
85113,: {'vendor':,,"},"
85221,: {'vendor':,,"},"
85252,: {'vendor':,,"},"
85405,: {'vendor':,,"},"
85828,: {'vendor':,,"},"
85947,: {'vendor':,,"},"
86069,: {'vendor':,,"},"
86120,: {'vendor':,,"},"
86266,: {'vendor':,,"},"
86269,: {'vendor':,,"},"
86392,: {'vendor':,,"},"
86458,: {'vendor':,,"},"
86532,: {'vendor':,,"},"
86585,: {'vendor':,,"},"
86601,: {'vendor':,,"},"
86627,: {'vendor':,,"},"
86678,: {'vendor':,,"},"
86685,: {'vendor':,,"},"
86798,: {'vendor':,,"},"
86840,: {'vendor':,,"},"
86843,: {'vendor':,,"},"
86890,: {'vendor':,,"},"
86926,: {'vendor':,,"},"
86967,: {'vendor':,,"},"
86993,: {'vendor':,,"},"
87031,: {'vendor':,,"},"
87038,: {'vendor':,,"},"
87150,: {'vendor':,,"},"
87153,: {'vendor':,,"},"
87165,: {'vendor':,,"},"
87217,: {'vendor':,,"},"
87289,: {'vendor':,,"},"
87505,: {'vendor':,,}
